month_year,Account & Login,Billing & Payments,Delivery & Shipping,Hardware & Technical,Other / Unclear,Product Enquiry,Returns & Refunds,Warranty & RMA
2025-01,7,43,93,88,12,17,35,19
2025-02,19,43,115,70,21,31,46,23
2025-03,12,62,129,116,26,30,58,29
2025-04,14,64,135,110,19,26,55,26
2025-05,15,40,127,119,16,20,52,35
2025-06,19,53,136,105,18,18,62,28
2025-07,16,46,144,127,23,23,60,23
2025-08,26,89,205,173,27,33,100,42
2025-09,26,72,193,173,31,49,89,38
2025-10,25,118,246,183,40,62,117,56
2025-11,29,115,302,208,43,70,117,68
2025-12,31,81,258,259,32,43,101,64
2026-01,30,86,216,259,31,56,89,45
2026-02,31,85,197,213,40,38,86,43
2026-03,30,94,209,227,39,35,99,47
2026-04,29,96,223,257,55,42,79,51
2026-05,27,89,203,218,41,38,87,53
2026-06,36,75,178,246,37,44,107,53
