month_year,Billing,Chat Frontline,Email Frontline,Escalations & Warranty,Logistics,Returns Desk,Voice Frontline
2025-01,43,65,39,19,93,35,20
2025-02,43,78,43,23,115,46,20
2025-03,62,101,52,29,129,58,31
2025-04,64,91,55,26,135,55,23
2025-05,40,89,47,35,127,52,34
2025-06,53,78,55,28,136,62,27
2025-07,46,94,68,23,144,60,27
2025-08,89,153,69,42,205,100,37
2025-09,72,139,93,38,193,89,47
2025-10,118,175,100,56,246,117,35
2025-11,115,189,104,68,302,117,57
2025-12,81,179,138,64,258,101,48
2026-01,86,200,109,45,216,89,67
2026-02,85,169,109,43,197,86,44
2026-03,94,180,104,47,209,99,47
2026-04,96,210,114,51,223,79,59
2026-05,89,173,94,53,203,87,57
2026-06,75,179,116,53,178,107,68
